{
  "hash": "a56e16ee",
  "configHash": "565817dc",
  "lockfileHash": "f3fcc61e",
  "browserHash": "2e991d81",
  "optimized": {
    "@angular/common": {
      "src": "../../../../../../node_modules/@angular/common/fesm2022/common.mjs",
      "file": "@angular_common.js",
      "fileHash": "e23d0533",
      "needsInterop": false
    },
    "@angular/common/http": {
      "src": "../../../../../../node_modules/@angular/common/fesm2022/http.mjs",
      "file": "@angular_common_http.js",
      "fileHash": "8ea2d504",
      "needsInterop": false
    },
    "@angular/core": {
      "src": "../../../../../../node_modules/@angular/core/fesm2022/core.mjs",
      "file": "@angular_core.js",
      "fileHash": "22c2bc4e",
      "needsInterop": false
    },
    "@angular/forms": {
      "src": "../../../../../../node_modules/@angular/forms/fesm2022/forms.mjs",
      "file": "@angular_forms.js",
      "fileHash": "fc32950c",
      "needsInterop": false
    },
    "@angular/platform-browser": {
      "src": "../../../../../../node_modules/@angular/platform-browser/fesm2022/platform-browser.mjs",
      "file": "@angular_platform-browser.js",
      "fileHash": "fe47ec66",
      "needsInterop": false
    },
    "@angular/router": {
      "src": "../../../../../../node_modules/@angular/router/fesm2022/router.mjs",
      "file": "@angular_router.js",
      "fileHash": "968ed1c5",
      "needsInterop": false
    },
    "rxjs": {
      "src": "../../../../../../node_modules/rxjs/dist/esm5/index.js",
      "file": "rxjs.js",
      "fileHash": "bb969711",
      "needsInterop": false
    }
  },
  "chunks": {
    "chunk-EOTMNODP": {
      "file": "chunk-EOTMNODP.js"
    },
    "chunk-PC2OIILZ": {
      "file": "chunk-PC2OIILZ.js"
    },
    "chunk-3ABHI6XY": {
      "file": "chunk-3ABHI6XY.js"
    },
    "chunk-QMBK7RYN": {
      "file": "chunk-QMBK7RYN.js"
    },
    "chunk-5ZWKBG32": {
      "file": "chunk-5ZWKBG32.js"
    },
    "chunk-S35MAB2V": {
      "file": "chunk-S35MAB2V.js"
    }
  }
}